<?xml version="1.0" encoding="UTF-8" ?>
<odoo>
    <record id="ir_cron_cmr_project_purchase_order" model="ir.cron">
        <field name="name">Payment Term Notification for Purchase Order's</field>
        <field name="model_id" ref="purchase.model_purchase_order"/>
        <field name="state">code</field>
        <field name="code">model.notify_due_payment_terms()</field>
        <field name="active" eval="True"/>
        <field name="interval_number">1</field>
        <field name="interval_type">days</field>
        <field name="nextcall" eval="(DateTime.now() + relativedelta(days=1)).strftime('%Y-%m-%d 10:00:00')"/>
    </record>
</odoo>